{"CN": "中国CHINA",
"US": "美国UNITEDSTATES",
"AF": "阿富汗AFGHANISTANA",
"AL": "阿尔巴尼亚ALBANIA",
"DZ": "阿尔及利亚ALGERIA",
"AD": "安道尔ANDORRA",
"AO": "安哥拉ANGOLA",
"AG": "安提瓜和巴布达ANTIGUABARBUDA",
"AE": "阿拉伯联合酋长国ARAB",
"AR": "阿根廷ARGENTINA",
"AM": "亚美尼亚ARMENIA",
"AU": "澳大利亚AUSTRALIA",
"AT": "奥地利AUSTRIA",
"AZ": "阿塞拜疆共和国AZERBAIJAN",
"BS": "巴哈马BAHAMAS",
"BH": "巴林BAHRAIN",
"BD": "孟加拉国BANGLADESH",
"BB": "巴巴多斯BARBADOS",
"BY": "白俄罗斯BELARUS",
"BE": "比利时BELGIUM",
"BZ": "伯里兹BELIZE",
"BJ": "贝宁BENIN",
"BT": "不丹BHUTAN",
"BO": "玻利维亚BOLIVIA",
"BA": "波斯尼亚和黑塞哥维那BOSNIA",
"BW": "博茨瓦纳BOTSWANA",
"BR": "巴西BRAZIL",
"BG": "保加利亚BULGARIA",
"BF": "布基纳法索BURKINAFASO",
"BI": "布隆迪BURUNDI",
"KH": "柬埔寨CAMBODIA",
"CM": "喀麦隆CAMEROON",
"CA": "加拿大CANADA",
"KY": "佛得角CAPEVERDE",
"TD": "乍得CHAD",
"CL": "智利CHILE",
"CO": "哥伦比亚COLOMBIA",
"KM": "科摩罗COMOROS",
"CG": "刚果（布）CONGO",
"CK": "库克群岛COOKISLANDS",
"CI": "科特迪瓦COTEDLVOIRE",
"HR": "克罗地亚CROATIA",
"CU": "古巴共和国CUBA",
"CY": "塞浦路斯CYPRUS",
"CZ": "捷克共和国CZECHREPUBLIC",
"YD": "也门民主人民共和国DEMOCRATICYEMEN",
"DK": "丹麦DENMARK",
"DJ": "吉布提DJIBOUTI",
"DM": "多米尼克DOMINICA",
"EC": "厄瓜多尔ECUADOR",
"EG": "埃及EGYPT",
"GB": "英国UNITED KINGDOM",
"GQ": "赤道几内亚EQUATORIALGUINEA",
"ER": "厄立特里亚ERITREA",
"EE": "爱沙尼亚ESTONIA",
"ET": "埃塞俄比亚ETHIOPIA",
"FJ": "斐济FIJI",
"FI": "芬兰FINLAND",
"FR": "法国FRANCE",
"GA": "加蓬GABON",
"GM": "冈比亚GAMBIA",
"CE": "格鲁吉亚GEORGIA",
"DE": "德国GERMANY",
"GH": "加纳GHANA",
"GR": "希腊GREECE",
"GL": "格林纳达GRENADA",
"GN": "几内亚GUINEA",
"GW": "几内亚比绍GUINEABISSAU",
"GY": "圭亚那GUYANA",
"NL": "荷兰HOLLAND",
"HU": "匈牙利HUNGARY",
"IS": "冰岛ICELAND",
"IN": "印度INDIA",
"ID": "印度尼西亚INDONESIA",
"IR": "伊朗IRAN",
"IQ": "伊拉克IRAQ",
"IE": "爱尔兰IRELAND",
"IL": "以色列ISRAEL",
"IT": "意大利ITALY",
"JM": "牙买加JAMAICA",
"JP": "日本JAPAN",
"JO": "约旦JORDAN",
"KZ": "哈萨克斯坦KAZAKHSTAN",
"KE": "肯尼亚KENYA",
"KG": "吉尔吉斯共和国KIRGIZSTAN",
"KR": "韩国KOREA",
"KW": "科威特KUWAIT",
"LA": "老挝LAOS",
"LV": "拉脱维亚LATVIA",
"LB": "黎巴嫩LEBANON",
"LS": "莱索托LESOTHO",
"LR": "利比里亚LIBERIA",
"LY": "利比亚LIBYA",
"LI": "列支敦士登LIECHTENSTEIN",
"LT": "立陶宛LITHUANIA",
"LU": "卢森堡LUXEMBOURG",
"MK": "马其顿MACEDONIA",
"MG": "马达加斯加MADAGASCAR",
"MY": "马来西亚MALAYSIA",
"MV": "马尔代夫MALDIVES",
"ML": "马里MALI",
"MT": "马耳他MALTA",
"MR": "毛里塔尼亚MAURITANIA",
"MU": "毛里求斯MAURITIUS",
"MX": "墨西哥MEXICO",
"FM": "密克罗尼西亚联邦MICRONESIA",
"MD": "摩尔多瓦MOLDOVA",
"MC": "摩纳哥MONACO",
"MN": "蒙古MONGOLIA",
"MA": "摩洛哥MOROCCO",
"MZ": "莫桑比克MOZAMBIQUE",
"MM": "缅甸MYANMAR",
"NA": "纳米比亚NAMIBIA",
"NR": "瑙鲁NAURU",
"NP": "尼泊尔NEPAL",
"NZ": "新西兰NEWZEALAND",
"NE": "尼日尔NIGER",
"NG": "尼日利亚NIGERIA",
"NO": "挪威NORWAY",
"OM": "阿曼OMAN",
"PK": "巴基斯坦PAKISTAN",
"PG": "巴布亚新几内亚PAPUANEWGUINEA",
"PE": "秘鲁PERU",
"PH": "菲律宾PHILIPPINES",
"PL": "波兰POLAND",
"PT": "葡萄牙PORTUGAL",
"QA": "卡塔尔QATAR",
"RO": "罗马尼亚ROMANIA",
"RU": "俄罗斯RUSSIA",
"RW": "卢旺达RWANDA",
"LC": "圣卢西亚SAINTLUCIA",
"WS": "美属萨摩亚SAMOA",
"SM": "圣马力诺SANMARINO",
"ST": "圣多美和普林西比SAOTOMEPRINCIPE",
"SA": "沙特阿拉伯SAUDIARABIA",
"SN": "塞内加尔SENEGAL",
"CS": "塞尔维亚SERBIA",
"SC": "塞舌尔SEYCHELLES",
"SL": "塞拉利昂SIERRALEONE",
"SG": "新加坡SINGAPORE",
"SK": "斯洛伐克共和国SLOVAKREPUBLIC",
"SI": "斯洛文尼亚SLOVENIA",
"SO": "索马里SOMALI",
"ZA": "南非SOUTHAFRICA",
"ES": "西班牙SPAIN",
"LK": "斯里兰卡SRILANKA",
"SD": "苏丹SUDAN",
"SR": "苏里南SURINAM",
"SE": "瑞典SWEDEN",
"CH": "瑞士SWITZERLAND",
"SY": "叙利亚SYRIA",
"TJ": "塔吉克斯坦TAJIKISTAN",
"TZ": "坦桑尼亚TANZANIA",
"TH": "泰国THAILAND",
"TL": "东帝汶TIMOR",
"TG": "多哥TOGO",
"TO": "汤加TONGA",
"TT": "特立尼达和多巴哥TRINIDADANDTOBAGO",
"TN": "突尼斯TUNISIA",
"TR": "土耳其TURKEY",
"TM": "土库曼斯坦TURKMENISTAN",
"DPR": "朝鲜Korea",
"UKR": "乌克兰UKRAINE",
"VIE": "越南VIETNAM",
"GT": "危地马拉Guatemala",
"VE": "委内瑞拉Venezuela",
"CRC": "哥斯达黎加CostaRica"}