{"options":{"check_for_updates":true,"comment":null,"compatopts_for_requires":true,"compat_wrappedjsobject":false,"compat_metadata":false,"compat_foreach":false,"compat_arrayleft":false,"compat_uW_gmonkey":false,"compat_forvarin":false,"noframes":null,"awareOfChrome":false,"run_at":null,"override":{"use_includes":[],"orig_includes":[],"merge_includes":true,"use_matches":[],"orig_matches":["*://www.52pojie.cn/*","*://pan.baidu.com/share/*","*://www.lanzous.com/*"],"merge_matches":true,"use_excludes":[],"orig_excludes":["*://www.52pojie.cn/forum.php?mod=post&action=newthread*","*://www.52pojie.cn/forum.php?mod=post&action=edit*"],"merge_excludes":true,"use_connects":["pan.baidu.com"],"merge_connects":true,"use_blockers":[],"orig_run_at":"document-idle","orig_noframes":null,"orig_connects":[]}},"settings":{"enabled":true,"position":2},"meta":{"name":"吾爱破解论坛_百度网盘链接激活 && 提取码自动补全","uuid":"22c23e65-a273-4a85-a81b-e617ff11184e","modified":1571017909995,"file_url":"https://greasyfork.org/scripts/30117-%E5%90%BE%E7%88%B1%E7%A0%B4%E8%A7%A3%E8%AE%BA%E5%9D%9B-%E7%99%BE%E5%BA%A6%E7%BD%91%E7%9B%98%E9%93%BE%E6%8E%A5%E6%BF%80%E6%B4%BB-%E6%8F%90%E5%8F%96%E7%A0%81%E8%87%AA%E5%8A%A8%E8%A1%A5%E5%85%A8/code/%E5%90%BE%E7%88%B1%E7%A0%B4%E8%A7%A3%E8%AE%BA%E5%9D%9B_%E7%99%BE%E5%BA%A6%E7%BD%91%E7%9B%98%E9%93%BE%E6%8E%A5%E6%BF%80%E6%B4%BB%20%20%E6%8F%90%E5%8F%96%E7%A0%81%E8%87%AA%E5%8A%A8%E8%A1%A5%E5%85%A8.user.js"}}