<?xml version="1.0" encoding="UTF-8" ?>
<!DOCTYPE mapper PUBLIC "-//mybatis.org//DTD Mapper 3.0//EN" "http://mybatis.org/dtd/mybatis-3-mapper.dtd" >
<mapper namespace="com.yuanrongbank.model.ShortVideoDetailInfo" >
  <resultMap id="BaseResultMap" type="com.yuanrongbank.model.ShortVideoDetailInfo" >
    <id column="RecID" property="recid" jdbcType="INTEGER" />
    <result column="Url" property="url" jdbcType="VARCHAR" />
    <result column="SVID" property="svid" jdbcType="INTEGER" />
    <result column="PlatformName" property="platformname" jdbcType="INTEGER" />
    <result column="Tag" property="tag" jdbcType="VARCHAR" />
    <result column="Title" property="title" jdbcType="VARCHAR" />
    <result column="Author" property="author" jdbcType="VARCHAR" />
    <result column="Imgurl" property="imgurl" jdbcType="VARCHAR" />
    <result column="ImgLocalUrl" property="imglocalurl" jdbcType="VARCHAR" />
    <result column="VideoUrl" property="videourl" jdbcType="VARCHAR" />
    <result column="PayBackNum" property="paybacknum" jdbcType="INTEGER" />
    <result column="CommentNum" property="commentnum" jdbcType="INTEGER" />
    <result column="ForwardingNum" property="forwardingnum" jdbcType="INTEGER" />
    <result column="LikeNum" property="likenum" jdbcType="INTEGER" />
    <result column="PublishTime" property="publishtime" jdbcType="TIMESTAMP" />
    <result column="Createtime" property="createtime" jdbcType="TIMESTAMP" />
    <result column="Updatetime" property="updatetime" jdbcType="TIMESTAMP" />
    <result column="Statusvalue" property="statusvalue" jdbcType="INTEGER" />
    <result column="YuanrongPlatformAuthorInfo" property="yuanrongplatformauthorinfo" jdbcType="INTEGER" />
  </resultMap>
  <sql id="Base_Column_List" >
    RecID, Url, SVID, PlatformName, Tag, Title, Author, Imgurl, ImgLocalUrl, VideoUrl, 
    PayBackNum, CommentNum, ForwardingNum, LikeNum, PublishTime, Createtime, Updatetime, 
    Statusvalue, YuanrongPlatformAuthorInfo
  </sql>
  <select id="selectByPrimaryKey" resultMap="BaseResultMap" parameterType="java.lang.Integer" >
    select 
    <include refid="Base_Column_List" />
    from ShortVideoDetailInfo
    where RecID = #{recid,jdbcType=INTEGER}
  </select>
  <delete id="deleteByPrimaryKey" parameterType="java.lang.Integer" >
    delete from ShortVideoDetailInfo
    where RecID = #{recid,jdbcType=INTEGER}
  </delete>
  <insert id="insert" parameterType="com.yuanrongbank.model.ShortVideoDetailInfo" >
    insert into ShortVideoDetailInfo (RecID, Url, SVID, 
      PlatformName, Tag, Title, 
      Author, Imgurl, ImgLocalUrl, 
      VideoUrl, PayBackNum, CommentNum, 
      ForwardingNum, LikeNum, PublishTime, 
      Createtime, Updatetime, Statusvalue, 
      YuanrongPlatformAuthorInfo)
    values (#{recid,jdbcType=INTEGER}, #{url,jdbcType=VARCHAR}, #{svid,jdbcType=INTEGER}, 
      #{platformname,jdbcType=INTEGER}, #{tag,jdbcType=VARCHAR}, #{title,jdbcType=VARCHAR}, 
      #{author,jdbcType=VARCHAR}, #{imgurl,jdbcType=VARCHAR}, #{imglocalurl,jdbcType=VARCHAR}, 
      #{videourl,jdbcType=VARCHAR}, #{paybacknum,jdbcType=INTEGER}, #{commentnum,jdbcType=INTEGER}, 
      #{forwardingnum,jdbcType=INTEGER}, #{likenum,jdbcType=INTEGER}, #{publishtime,jdbcType=TIMESTAMP}, 
      #{createtime,jdbcType=TIMESTAMP}, #{updatetime,jdbcType=TIMESTAMP}, #{statusvalue,jdbcType=INTEGER}, 
      #{yuanrongplatformauthorinfo,jdbcType=INTEGER})
  </insert>
  <insert id="insertSelective" parameterType="com.yuanrongbank.model.ShortVideoDetailInfo" >
    insert into ShortVideoDetailInfo
    <trim prefix="(" suffix=")" suffixOverrides="," >
      <if test="recid != null" >
        RecID,
      </if>
      <if test="url != null" >
        Url,
      </if>
      <if test="svid != null" >
        SVID,
      </if>
      <if test="platformname != null" >
        PlatformName,
      </if>
      <if test="tag != null" >
        Tag,
      </if>
      <if test="title != null" >
        Title,
      </if>
      <if test="author != null" >
        Author,
      </if>
      <if test="imgurl != null" >
        Imgurl,
      </if>
      <if test="imglocalurl != null" >
        ImgLocalUrl,
      </if>
      <if test="videourl != null" >
        VideoUrl,
      </if>
      <if test="paybacknum != null" >
        PayBackNum,
      </if>
      <if test="commentnum != null" >
        CommentNum,
      </if>
      <if test="forwardingnum != null" >
        ForwardingNum,
      </if>
      <if test="likenum != null" >
        LikeNum,
      </if>
      <if test="publishtime != null" >
        PublishTime,
      </if>
      <if test="createtime != null" >
        Createtime,
      </if>
      <if test="updatetime != null" >
        Updatetime,
      </if>
      <if test="statusvalue != null" >
        Statusvalue,
      </if>
      <if test="yuanrongplatformauthorinfo != null" >
        YuanrongPlatformAuthorInfo,
      </if>
    </trim>
    <trim prefix="values (" suffix=")" suffixOverrides="," >
      <if test="recid != null" >
        #{recid,jdbcType=INTEGER},
      </if>
      <if test="url != null" >
        #{url,jdbcType=VARCHAR},
      </if>
      <if test="svid != null" >
        #{svid,jdbcType=INTEGER},
      </if>
      <if test="platformname != null" >
        #{platformname,jdbcType=INTEGER},
      </if>
      <if test="tag != null" >
        #{tag,jdbcType=VARCHAR},
      </if>
      <if test="title != null" >
        #{title,jdbcType=VARCHAR},
      </if>
      <if test="author != null" >
        #{author,jdbcType=VARCHAR},
      </if>
      <if test="imgurl != null" >
        #{imgurl,jdbcType=VARCHAR},
      </if>
      <if test="imglocalurl != null" >
        #{imglocalurl,jdbcType=VARCHAR},
      </if>
      <if test="videourl != null" >
        #{videourl,jdbcType=VARCHAR},
      </if>
      <if test="paybacknum != null" >
        #{paybacknum,jdbcType=INTEGER},
      </if>
      <if test="commentnum != null" >
        #{commentnum,jdbcType=INTEGER},
      </if>
      <if test="forwardingnum != null" >
        #{forwardingnum,jdbcType=INTEGER},
      </if>
      <if test="likenum != null" >
        #{likenum,jdbcType=INTEGER},
      </if>
      <if test="publishtime != null" >
        #{publishtime,jdbcType=TIMESTAMP},
      </if>
      <if test="createtime != null" >
        #{createtime,jdbcType=TIMESTAMP},
      </if>
      <if test="updatetime != null" >
        #{updatetime,jdbcType=TIMESTAMP},
      </if>
      <if test="statusvalue != null" >
        #{statusvalue,jdbcType=INTEGER},
      </if>
      <if test="yuanrongplatformauthorinfo != null" >
        #{yuanrongplatformauthorinfo,jdbcType=INTEGER},
      </if>
    </trim>
  </insert>
  <update id="updateByPrimaryKeySelective" parameterType="com.yuanrongbank.model.ShortVideoDetailInfo" >
    update ShortVideoDetailInfo
    <set >
      <if test="url != null" >
        Url = #{url,jdbcType=VARCHAR},
      </if>
      <if test="svid != null" >
        SVID = #{svid,jdbcType=INTEGER},
      </if>
      <if test="platformname != null" >
        PlatformName = #{platformname,jdbcType=INTEGER},
      </if>
      <if test="tag != null" >
        Tag = #{tag,jdbcType=VARCHAR},
      </if>
      <if test="title != null" >
        Title = #{title,jdbcType=VARCHAR},
      </if>
      <if test="author != null" >
        Author = #{author,jdbcType=VARCHAR},
      </if>
      <if test="imgurl != null" >
        Imgurl = #{imgurl,jdbcType=VARCHAR},
      </if>
      <if test="imglocalurl != null" >
        ImgLocalUrl = #{imglocalurl,jdbcType=VARCHAR},
      </if>
      <if test="videourl != null" >
        VideoUrl = #{videourl,jdbcType=VARCHAR},
      </if>
      <if test="paybacknum != null" >
        PayBackNum = #{paybacknum,jdbcType=INTEGER},
      </if>
      <if test="commentnum != null" >
        CommentNum = #{commentnum,jdbcType=INTEGER},
      </if>
      <if test="forwardingnum != null" >
        ForwardingNum = #{forwardingnum,jdbcType=INTEGER},
      </if>
      <if test="likenum != null" >
        LikeNum = #{likenum,jdbcType=INTEGER},
      </if>
      <if test="publishtime != null" >
        PublishTime = #{publishtime,jdbcType=TIMESTAMP},
      </if>
      <if test="createtime != null" >
        Createtime = #{createtime,jdbcType=TIMESTAMP},
      </if>
      <if test="updatetime != null" >
        Updatetime = #{updatetime,jdbcType=TIMESTAMP},
      </if>
      <if test="statusvalue != null" >
        Statusvalue = #{statusvalue,jdbcType=INTEGER},
      </if>
      <if test="yuanrongplatformauthorinfo != null" >
        YuanrongPlatformAuthorInfo = #{yuanrongplatformauthorinfo,jdbcType=INTEGER},
      </if>
    </set>
    where RecID = #{recid,jdbcType=INTEGER}
  </update>
  <update id="updateByPrimaryKey" parameterType="com.yuanrongbank.model.ShortVideoDetailInfo" >
    update ShortVideoDetailInfo
    set Url = #{url,jdbcType=VARCHAR},
      SVID = #{svid,jdbcType=INTEGER},
      PlatformName = #{platformname,jdbcType=INTEGER},
      Tag = #{tag,jdbcType=VARCHAR},
      Title = #{title,jdbcType=VARCHAR},
      Author = #{author,jdbcType=VARCHAR},
      Imgurl = #{imgurl,jdbcType=VARCHAR},
      ImgLocalUrl = #{imglocalurl,jdbcType=VARCHAR},
      VideoUrl = #{videourl,jdbcType=VARCHAR},
      PayBackNum = #{paybacknum,jdbcType=INTEGER},
      CommentNum = #{commentnum,jdbcType=INTEGER},
      ForwardingNum = #{forwardingnum,jdbcType=INTEGER},
      LikeNum = #{likenum,jdbcType=INTEGER},
      PublishTime = #{publishtime,jdbcType=TIMESTAMP},
      Createtime = #{createtime,jdbcType=TIMESTAMP},
      Updatetime = #{updatetime,jdbcType=TIMESTAMP},
      Statusvalue = #{statusvalue,jdbcType=INTEGER},
      YuanrongPlatformAuthorInfo = #{yuanrongplatformauthorinfo,jdbcType=INTEGER}
    where RecID = #{recid,jdbcType=INTEGER}
  </update>
</mapper>