<?xml version="1.0" encoding="UTF-8" ?>
<!DOCTYPE mapper PUBLIC "-//mybatis.org//DTD Mapper 3.0//EN" "http://mybatis.org/dtd/mybatis-3-mapper.dtd" >
<mapper namespace="com.yuanrongbank.model.WeChatArticleInfo" >
  <resultMap id="BaseResultMap" type="com.yuanrongbank.model.WeChatArticleInfo" >
    <id column="RecID" property="recid" jdbcType="INTEGER" />
    <result column="Url" property="url" jdbcType="VARCHAR" />
    <result column="Title" property="title" jdbcType="VARCHAR" />
    <result column="HeadImg" property="headimg" jdbcType="VARCHAR" />
    <result column="HeadImgLocal" property="headimglocal" jdbcType="VARCHAR" />
    <result column="ReadNum" property="readnum" jdbcType="INTEGER" />
    <result column="LikeNum" property="likenum" jdbcType="INTEGER" />
    <result column="ComNum" property="comnum" jdbcType="INTEGER" />
    <result column="Content" property="content" jdbcType="VARCHAR" />
    <result column="Summary" property="summary" jdbcType="VARCHAR" />
    <result column="Copyright" property="copyright" jdbcType="INTEGER" />
    <result column="Resource" property="resource" jdbcType="INTEGER" />
    <result column="Tag" property="tag" jdbcType="VARCHAR" />
    <result column="PublishTime" property="publishtime" jdbcType="TIMESTAMP" />
    <result column="UpdateTime" property="updatetime" jdbcType="TIMESTAMP" />
    <result column="Score" property="score" jdbcType="DECIMAL" />
    <result column="Author" property="author" jdbcType="VARCHAR" />
    <result column="CategoryID" property="categoryid" jdbcType="INTEGER" />
    <result column="HeadImgNew1" property="headimgnew1" jdbcType="VARCHAR" />
    <result column="HeadImgNew2" property="headimgnew2" jdbcType="VARCHAR" />
    <result column="HeadImgNew3" property="headimgnew3" jdbcType="VARCHAR" />
    <result column="YuanrongPlatformAuthorInfo_id" property="yuanrongplatformauthorinfoId" jdbcType="INTEGER" />
  </resultMap>
  <sql id="Base_Column_List" >
    RecID, Url, Title, HeadImg, HeadImgLocal, ReadNum, LikeNum, ComNum, Content, Summary, Copyright, 
    Resource, Tag, PublishTime, UpdateTime, Score, Author, CategoryID, HeadImgNew1, HeadImgNew2, 
    HeadImgNew3, YuanrongPlatformAuthorInfo_id
  </sql>
 
  <select id="selectByPrimaryKey" resultMap="BaseResultMap" parameterType="java.lang.Integer" >
    select 
    <include refid="Base_Column_List" />
    from WeixinArticlenInfo
    where RecID = #{recid,jdbcType=INTEGER}
  </select>
  <delete id="deleteByPrimaryKey" parameterType="java.lang.Integer" >
    delete from WeixinArticlenInfo
    where RecID = #{recid,jdbcType=INTEGER}
  </delete>
  <insert id="insert" parameterType="com.yuanrongbank.model.WeChatArticleInfo" >
    insert into WeixinArticlenInfo (RecID, Url, Title, 
      HeadImg, HeadImgLocal, ReadNum, 
      LikeNum, ComNum, Summary, 
      Copyright, Resource, Tag, 
      PublishTime, UpdateTime, Score, 
      Author, CategoryID, HeadImgNew1, 
      HeadImgNew2, HeadImgNew3, YuanrongPlatformAuthorInfo_id, 
      Content)
    values (#{recid,jdbcType=INTEGER}, #{url,jdbcType=VARCHAR}, #{title,jdbcType=VARCHAR}, 
      #{headimg,jdbcType=VARCHAR}, #{headimglocal,jdbcType=VARCHAR}, #{readnum,jdbcType=INTEGER}, 
      #{likenum,jdbcType=INTEGER}, #{comnum,jdbcType=INTEGER}, #{summary,jdbcType=VARCHAR}, 
      #{copyright,jdbcType=INTEGER}, #{resource,jdbcType=INTEGER}, #{tag,jdbcType=VARCHAR}, 
      #{publishtime,jdbcType=TIMESTAMP}, #{updatetime,jdbcType=TIMESTAMP}, #{score,jdbcType=DECIMAL}, 
      #{author,jdbcType=VARCHAR}, #{categoryid,jdbcType=INTEGER}, #{headimgnew1,jdbcType=VARCHAR}, 
      #{headimgnew2,jdbcType=VARCHAR}, #{headimgnew3,jdbcType=VARCHAR}, #{yuanrongplatformauthorinfoId,jdbcType=INTEGER}, 
      #{content,jdbcType=VARCHAR})
  </insert>
  <insert id="insertSelective" parameterType="com.yuanrongbank.model.WeChatArticleInfo" >
    insert into WeixinArticlenInfo
    <trim prefix="(" suffix=")" suffixOverrides="," >
      <if test="recid != null" >
        RecID,
      </if>
      <if test="url != null" >
        Url,
      </if>
      <if test="title != null" >
        Title,
      </if>
      <if test="headimg != null" >
        HeadImg,
      </if>
      <if test="headimglocal != null" >
        HeadImgLocal,
      </if>
      <if test="readnum != null" >
        ReadNum,
      </if>
      <if test="likenum != null" >
        LikeNum,
      </if>
      <if test="comnum != null" >
        ComNum,
      </if>
      <if test="summary != null" >
        Summary,
      </if>
      <if test="copyright != null" >
        Copyright,
      </if>
      <if test="resource != null" >
        Resource,
      </if>
      <if test="tag != null" >
        Tag,
      </if>
      <if test="publishtime != null" >
        PublishTime,
      </if>
      <if test="updatetime != null" >
        UpdateTime,
      </if>
      <if test="score != null" >
        Score,
      </if>
      <if test="author != null" >
        Author,
      </if>
      <if test="categoryid != null" >
        CategoryID,
      </if>
      <if test="headimgnew1 != null" >
        HeadImgNew1,
      </if>
      <if test="headimgnew2 != null" >
        HeadImgNew2,
      </if>
      <if test="headimgnew3 != null" >
        HeadImgNew3,
      </if>
      <if test="yuanrongplatformauthorinfoId != null" >
        YuanrongPlatformAuthorInfo_id,
      </if>
      <if test="content != null" >
        Content,
      </if>
    </trim>
    <trim prefix="values (" suffix=")" suffixOverrides="," >
      <if test="recid != null" >
        #{recid,jdbcType=INTEGER},
      </if>
      <if test="url != null" >
        #{url,jdbcType=VARCHAR},
      </if>
      <if test="title != null" >
        #{title,jdbcType=VARCHAR},
      </if>
      <if test="headimg != null" >
        #{headimg,jdbcType=VARCHAR},
      </if>
      <if test="headimglocal != null" >
        #{headimglocal,jdbcType=VARCHAR},
      </if>
      <if test="readnum != null" >
        #{readnum,jdbcType=INTEGER},
      </if>
      <if test="likenum != null" >
        #{likenum,jdbcType=INTEGER},
      </if>
      <if test="comnum != null" >
        #{comnum,jdbcType=INTEGER},
      </if>
      <if test="summary != null" >
        #{summary,jdbcType=VARCHAR},
      </if>
      <if test="copyright != null" >
        #{copyright,jdbcType=INTEGER},
      </if>
      <if test="resource != null" >
        #{resource,jdbcType=INTEGER},
      </if>
      <if test="tag != null" >
        #{tag,jdbcType=VARCHAR},
      </if>
      <if test="publishtime != null" >
        #{publishtime,jdbcType=TIMESTAMP},
      </if>
      <if test="updatetime != null" >
        #{updatetime,jdbcType=TIMESTAMP},
      </if>
      <if test="score != null" >
        #{score,jdbcType=DECIMAL},
      </if>
      <if test="author != null" >
        #{author,jdbcType=VARCHAR},
      </if>
      <if test="categoryid != null" >
        #{categoryid,jdbcType=INTEGER},
      </if>
      <if test="headimgnew1 != null" >
        #{headimgnew1,jdbcType=VARCHAR},
      </if>
      <if test="headimgnew2 != null" >
        #{headimgnew2,jdbcType=VARCHAR},
      </if>
      <if test="headimgnew3 != null" >
        #{headimgnew3,jdbcType=VARCHAR},
      </if>
      <if test="yuanrongplatformauthorinfoId != null" >
        #{yuanrongplatformauthorinfoId,jdbcType=INTEGER},
      </if>
      <if test="content != null" >
        #{content,jdbcType=VARCHAR},
      </if>
    </trim>
  </insert>
  <update id="updateByPrimaryKeySelective" parameterType="com.yuanrongbank.model.WeChatArticleInfo" >
    update WeixinArticlenInfo
    <set >
      <if test="url != null" >
        Url = #{url,jdbcType=VARCHAR},
      </if>
      <if test="title != null" >
        Title = #{title,jdbcType=VARCHAR},
      </if>
      <if test="headimg != null" >
        HeadImg = #{headimg,jdbcType=VARCHAR},
      </if>
      <if test="headimglocal != null" >
        HeadImgLocal = #{headimglocal,jdbcType=VARCHAR},
      </if>
      <if test="readnum != null" >
        ReadNum = #{readnum,jdbcType=INTEGER},
      </if>
      <if test="likenum != null" >
        LikeNum = #{likenum,jdbcType=INTEGER},
      </if>
      <if test="comnum != null" >
        ComNum = #{comnum,jdbcType=INTEGER},
      </if>
      <if test="summary != null" >
        Summary = #{summarySummary,jdbcType=VARCHAR},
      </if>
      <if test="copyright != null" >
        Copyright = #{copyright,jdbcType=INTEGER},
      </if>
      <if test="resource != null" >
        Resource = #{resource,jdbcType=INTEGER},
      </if>
      <if test="tag != null" >
        Tag = #{tag,jdbcType=VARCHAR},
      </if>
      <if test="publishtime != null" >
        PublishTime = #{publishtime,jdbcType=TIMESTAMP},
      </if>
      <if test="updatetime != null" >
        UpdateTime = #{updatetime,jdbcType=TIMESTAMP},
      </if>
      <if test="score != null" >
        Score = #{score,jdbcType=DECIMAL},
      </if>
      <if test="author != null" >
        Author = #{author,jdbcType=VARCHAR},
      </if>
      <if test="categoryid != null" >
        CategoryID = #{categoryid,jdbcType=INTEGER},
      </if>
      <if test="headimgnew1 != null" >
        HeadImgNew1 = #{headimgnew1,jdbcType=VARCHAR},
      </if>
      <if test="headimgnew2 != null" >
        HeadImgNew2 = #{headimgnew2,jdbcType=VARCHAR},
      </if>
      <if test="headimgnew3 != null" >
        HeadImgNew3 = #{headimgnew3,jdbcType=VARCHAR},
      </if>
      <if test="yuanrongplatformauthorinfoId != null" >
        YuanrongPlatformAuthorInfo_id = #{yuanrongplatformauthorinfoId,jdbcType=INTEGER},
      </if>
      <if test="content != null" >
        Content = #{content,jdbcType=VARCHAR},
      </if>
    </set>
    where RecID = #{recid,jdbcType=INTEGER}
  </update>
  <update id="updateByPrimaryKey" parameterType="com.yuanrongbank.model.WeChatArticleInfo" >
    update WeixinArticlenInfo
    set Url = #{url,jdbcType=VARCHAR},
      Title = #{title,jdbcType=VARCHAR},
      HeadImg = #{headimg,jdbcType=VARCHAR},
      HeadImgLocal = #{headimglocal,jdbcType=VARCHAR},
      ReadNum = #{readnum,jdbcType=INTEGER},
      LikeNum = #{likenum,jdbcType=INTEGER},
      ComNum = #{comnum,jdbcType=INTEGER},
      Summary = #{summary,jdbcType=VARCHAR},
      Copyright = #{copyright,jdbcType=INTEGER},
      Resource = #{resource,jdbcType=INTEGER},
      Tag = #{tag,jdbcType=VARCHAR},
      PublishTime = #{publishtime,jdbcType=TIMESTAMP},
      UpdateTime = #{updatetime,jdbcType=TIMESTAMP},
      Score = #{score,jdbcType=DECIMAL},
      Author = #{author,jdbcType=VARCHAR},
      CategoryID = #{categoryid,jdbcType=INTEGER},
      HeadImgNew1 = #{headimgnew1,jdbcType=VARCHAR},
      HeadImgNew2 = #{headimgnew2,jdbcType=VARCHAR},
      HeadImgNew3 = #{headimgnew3,jdbcType=VARCHAR},
      YuanrongPlatformAuthorInfo_id = #{yuanrongplatformauthorinfoId,jdbcType=INTEGER},
      Content = #{content,jdbcType=VARCHAR}
    where RecID = #{recid,jdbcType=INTEGER}
  </update>
 
</mapper>