<?xml version="1.0" encoding="UTF-8" ?>
<!DOCTYPE mapper PUBLIC "-//mybatis.org//DTD Mapper 3.0//EN" "http://mybatis.org/dtd/mybatis-3-mapper.dtd" >
<mapper namespace="com.yuanrongbank.mapper.yrAuthorMapper" >
  <resultMap id="BaseResultMap" type="com.yuanrongbank.model.yrAuthor" >
    <id column="recId" property="recid" jdbcType="INTEGER" />
    <result column="authorNickname" property="authornickname" jdbcType="VARCHAR" />
    <result column="authorImg" property="authorimg" jdbcType="VARCHAR" />
    <result column="authorCreationTime" property="authorcreationtime" jdbcType="INTEGER" />
    <result column="createdPrice" property="createdprice" jdbcType="DECIMAL" />
    <result column="createdTime" property="createdtime" jdbcType="TIMESTAMP" />
    <result column="modifyTime" property="modifytime" jdbcType="TIMESTAMP" />
    <result column="statusIndex" property="statusindex" jdbcType="INTEGER" />
    <result column="registeredUserInfoID" property="registereduserinfoid" jdbcType="INTEGER" />
    <result column="creationTimeRemark" property="creationtimeremark" jdbcType="VARCHAR" />
    <result column="createdPriceRemark" property="createdpriceremark" jdbcType="VARCHAR" />
    <result column="authorStatus" property="authorstatus" jdbcType="INTEGER" />
    <result column="authorAuditFailReason" property="authorauditfailreason" jdbcType="INTEGER" />
    <result column="yRIndex" property="yrindex" jdbcType="INTEGER" />
  </resultMap>
  <resultMap id="ResultMapWithBLOBs" type="com.yuanrongbank.model.yrAuthor" extends="BaseResultMap" >
    <result column="Introduction" property="introduction" jdbcType="LONGVARCHAR" />
  </resultMap>
  <sql id="Base_Column_List" >
    recId, authorNickname, authorImg, authorCreationTime, createdPrice, createdTime, 
    modifyTime, statusIndex, registeredUserInfoID, creationTimeRemark, createdPriceRemark, 
    authorStatus, authorAuditFailReason, yRIndex
  </sql>
  <sql id="Blob_Column_List" >
    Introduction
  </sql>
  <select id="selectByPrimaryKey" resultMap="ResultMapWithBLOBs" parameterType="java.lang.Integer" >
    select 
    <include refid="Base_Column_List" />
    ,
    <include refid="Blob_Column_List" />
    from yrAuthor
    where recId = #{recid,jdbcType=INTEGER}
  </select>
  <delete id="deleteByPrimaryKey" parameterType="java.lang.Integer" >
    delete from yrAuthor
    where recId = #{recid,jdbcType=INTEGER}
  </delete>
  <insert id="insert" parameterType="com.yuanrongbank.model.yrAuthor" >
    insert into yrAuthor (recId, authorNickname, authorImg, 
      authorCreationTime, createdPrice, createdTime, 
      modifyTime, statusIndex, registeredUserInfoID, 
      creationTimeRemark, createdPriceRemark, 
      authorStatus, authorAuditFailReason, yRIndex, 
      Introduction)
    values (#{recid,jdbcType=INTEGER}, #{authornickname,jdbcType=VARCHAR}, #{authorimg,jdbcType=VARCHAR}, 
      #{authorcreationtime,jdbcType=INTEGER}, #{createdprice,jdbcType=DECIMAL}, #{createdtime,jdbcType=TIMESTAMP}, 
      #{modifytime,jdbcType=TIMESTAMP}, #{statusindex,jdbcType=INTEGER}, #{registereduserinfoid,jdbcType=INTEGER}, 
      #{creationtimeremark,jdbcType=VARCHAR}, #{createdpriceremark,jdbcType=VARCHAR}, 
      #{authorstatus,jdbcType=INTEGER}, #{authorauditfailreason,jdbcType=INTEGER}, #{yrindex,jdbcType=INTEGER}, 
      #{introduction,jdbcType=LONGVARCHAR})
  </insert>
  <insert id="insertSelective" parameterType="com.yuanrongbank.model.yrAuthor" >
    insert into yrAuthor
    <trim prefix="(" suffix=")" suffixOverrides="," >
      <if test="recid != null" >
        recId,
      </if>
      <if test="authornickname != null" >
        authorNickname,
      </if>
      <if test="authorimg != null" >
        authorImg,
      </if>
      <if test="authorcreationtime != null" >
        authorCreationTime,
      </if>
      <if test="createdprice != null" >
        createdPrice,
      </if>
      <if test="createdtime != null" >
        createdTime,
      </if>
      <if test="modifytime != null" >
        modifyTime,
      </if>
      <if test="statusindex != null" >
        statusIndex,
      </if>
      <if test="registereduserinfoid != null" >
        registeredUserInfoID,
      </if>
      <if test="creationtimeremark != null" >
        creationTimeRemark,
      </if>
      <if test="createdpriceremark != null" >
        createdPriceRemark,
      </if>
      <if test="authorstatus != null" >
        authorStatus,
      </if>
      <if test="authorauditfailreason != null" >
        authorAuditFailReason,
      </if>
      <if test="yrindex != null" >
        yRIndex,
      </if>
      <if test="introduction != null" >
        Introduction,
      </if>
    </trim>
    <trim prefix="values (" suffix=")" suffixOverrides="," >
      <if test="recid != null" >
        #{recid,jdbcType=INTEGER},
      </if>
      <if test="authornickname != null" >
        #{authornickname,jdbcType=VARCHAR},
      </if>
      <if test="authorimg != null" >
        #{authorimg,jdbcType=VARCHAR},
      </if>
      <if test="authorcreationtime != null" >
        #{authorcreationtime,jdbcType=INTEGER},
      </if>
      <if test="createdprice != null" >
        #{createdprice,jdbcType=DECIMAL},
      </if>
      <if test="createdtime != null" >
        #{createdtime,jdbcType=TIMESTAMP},
      </if>
      <if test="modifytime != null" >
        #{modifytime,jdbcType=TIMESTAMP},
      </if>
      <if test="statusindex != null" >
        #{statusindex,jdbcType=INTEGER},
      </if>
      <if test="registereduserinfoid != null" >
        #{registereduserinfoid,jdbcType=INTEGER},
      </if>
      <if test="creationtimeremark != null" >
        #{creationtimeremark,jdbcType=VARCHAR},
      </if>
      <if test="createdpriceremark != null" >
        #{createdpriceremark,jdbcType=VARCHAR},
      </if>
      <if test="authorstatus != null" >
        #{authorstatus,jdbcType=INTEGER},
      </if>
      <if test="authorauditfailreason != null" >
        #{authorauditfailreason,jdbcType=INTEGER},
      </if>
      <if test="yrindex != null" >
        #{yrindex,jdbcType=INTEGER},
      </if>
      <if test="introduction != null" >
        #{introduction,jdbcType=LONGVARCHAR},
      </if>
    </trim>
  </insert>
  <update id="updateByPrimaryKeySelective" parameterType="com.yuanrongbank.model.yrAuthor" >
    update yrAuthor
    <set >
      <if test="authornickname != null" >
        authorNickname = #{authornickname,jdbcType=VARCHAR},
      </if>
      <if test="authorimg != null" >
        authorImg = #{authorimg,jdbcType=VARCHAR},
      </if>
      <if test="authorcreationtime != null" >
        authorCreationTime = #{authorcreationtime,jdbcType=INTEGER},
      </if>
      <if test="createdprice != null" >
        createdPrice = #{createdprice,jdbcType=DECIMAL},
      </if>
      <if test="createdtime != null" >
        createdTime = #{createdtime,jdbcType=TIMESTAMP},
      </if>
      <if test="modifytime != null" >
        modifyTime = #{modifytime,jdbcType=TIMESTAMP},
      </if>
      <if test="statusindex != null" >
        statusIndex = #{statusindex,jdbcType=INTEGER},
      </if>
      <if test="registereduserinfoid != null" >
        registeredUserInfoID = #{registereduserinfoid,jdbcType=INTEGER},
      </if>
      <if test="creationtimeremark != null" >
        creationTimeRemark = #{creationtimeremark,jdbcType=VARCHAR},
      </if>
      <if test="createdpriceremark != null" >
        createdPriceRemark = #{createdpriceremark,jdbcType=VARCHAR},
      </if>
      <if test="authorstatus != null" >
        authorStatus = #{authorstatus,jdbcType=INTEGER},
      </if>
      <if test="authorauditfailreason != null" >
        authorAuditFailReason = #{authorauditfailreason,jdbcType=INTEGER},
      </if>
      <if test="yrindex != null" >
        yRIndex = #{yrindex,jdbcType=INTEGER},
      </if>
      <if test="introduction != null" >
        Introduction = #{introduction,jdbcType=LONGVARCHAR},
      </if>
    </set>
    where recId = #{recid,jdbcType=INTEGER}
  </update>
  <update id="updateByPrimaryKeyWithBLOBs" parameterType="com.yuanrongbank.model.yrAuthor" >
    update yrAuthor
    set authorNickname = #{authornickname,jdbcType=VARCHAR},
      authorImg = #{authorimg,jdbcType=VARCHAR},
      authorCreationTime = #{authorcreationtime,jdbcType=INTEGER},
      createdPrice = #{createdprice,jdbcType=DECIMAL},
      createdTime = #{createdtime,jdbcType=TIMESTAMP},
      modifyTime = #{modifytime,jdbcType=TIMESTAMP},
      statusIndex = #{statusindex,jdbcType=INTEGER},
      registeredUserInfoID = #{registereduserinfoid,jdbcType=INTEGER},
      creationTimeRemark = #{creationtimeremark,jdbcType=VARCHAR},
      createdPriceRemark = #{createdpriceremark,jdbcType=VARCHAR},
      authorStatus = #{authorstatus,jdbcType=INTEGER},
      authorAuditFailReason = #{authorauditfailreason,jdbcType=INTEGER},
      yRIndex = #{yrindex,jdbcType=INTEGER},
      Introduction = #{introduction,jdbcType=LONGVARCHAR}
    where recId = #{recid,jdbcType=INTEGER}
  </update>
  <update id="updateByPrimaryKey" parameterType="com.yuanrongbank.model.yrAuthor" >
    update yrAuthor
    set authorNickname = #{authornickname,jdbcType=VARCHAR},
      authorImg = #{authorimg,jdbcType=VARCHAR},
      authorCreationTime = #{authorcreationtime,jdbcType=INTEGER},
      createdPrice = #{createdprice,jdbcType=DECIMAL},
      createdTime = #{createdtime,jdbcType=TIMESTAMP},
      modifyTime = #{modifytime,jdbcType=TIMESTAMP},
      statusIndex = #{statusindex,jdbcType=INTEGER},
      registeredUserInfoID = #{registereduserinfoid,jdbcType=INTEGER},
      creationTimeRemark = #{creationtimeremark,jdbcType=VARCHAR},
      createdPriceRemark = #{createdpriceremark,jdbcType=VARCHAR},
      authorStatus = #{authorstatus,jdbcType=INTEGER},
      authorAuditFailReason = #{authorauditfailreason,jdbcType=INTEGER},
      yRIndex = #{yrindex,jdbcType=INTEGER}
    where recId = #{recid,jdbcType=INTEGER}
  </update>
</mapper>