﻿{"ArriveTimeFrom":0,"ArriveTimeTo":23,"AutoPreSubmitConfig":{"AutoSelectTrain":true,"AutoWaitToSell":true,"EnableOClockRefresh":true,"EnablePartialSubmit":false,"HideOtherTrains":false,"Passenger":[{"passenger_name":"焦少少","passenger_type":1,"passenger_id_type_code":"1","passenger_id_no":"411282199208172818","mobile_no":"18500504388","‬‏⁬‎⁮⁮‌‍‍‫‬‫⁪⁫​‬⁪‭⁮‏​‏⁭‌‌‎⁮⁮⁮⁬‬‬⁮⁭‎​⁬‫⁭⁯‮":false}],"SeatFirst":true,"SeatList":["O","3"],"SeatCheckRules":{},"TrainList":["G662","G556","G660","G806","G80","G488","G82","G518","G72","K118","K158","K180","K402","K280"],"SeatSubTypesBed":[],"SeatSubTypesHighSpeed":[]},"DepartureDate":"2019-02-11T00:00:00+08:00","DepartureTimeFrom":0,"DepartureTimeTo":23,"EnableAutoPreSubmit":true,"EnableAutoVC":false,"EnableSameCityStationLoop":true,"EnableTrainSuggest":true,"FromStationCode":"ZZF","FromStationName":"郑州","HideFromNotSame":false,"HideNoNeedTicket":true,"HideNoTicket":false,"HideToNotSame":false,"ID":"b3f043eb60f84d3dab5824a999b8c608","IgnoreIllegalData":false,"IsLoaded":true,"IsPersistent":false,"IsSameCityStationLoopAvailable":false,"LastQueryRequestTime":"2019-01-26T15:16:16+08:00","LastQueryTime":"2019-01-28T10:02:16.1063187+08:00","Name":"02-11 郑州->北京","PassType":null,"QueryStudentTicket":false,"ResignDate":"0001-01-01T00:00:00","SelectedSeatClass":["*","0","2","1","P","M","O","F","3","6","4","9"],"SelectedTrainClass":["*","L","P","T","C","K","Z","G","D"],"SubmitStudentAsCommon":false,"ToStationCode":"BJP","ToStationName":"北京","TrainID":null,"UiSetting":{"EnableSellTip":true},"VerifyData":null,"IsLastInQuery":true,"EnableSmsNotification":false,"AlternativeDate":[]}