﻿{"ArriveTimeFrom":0,"ArriveTimeTo":23,"AutoPreSubmitConfig":{"AutoSelectTrain":true,"AutoWaitToSell":true,"EnableOClockRefresh":true,"EnablePartialSubmit":false,"HideOtherTrains":false,"Passenger":[{"passenger_name":"焦少少","passenger_type":1,"passenger_id_type_code":"1","passenger_id_no":"411282199208172818","mobile_no":"18500504388","‬‏⁬‎⁮⁮‌‍‍‫‬‫⁪⁫​‬⁪‭⁮‏​‏⁭‌‌‎⁮⁮⁮⁬‬‬⁮⁭‎​⁬‫⁭⁯‮":false}],"SeatFirst":true,"SeatList":["O","3","1"],"SeatCheckRules":{},"TrainList":["G672"],"SeatSubTypesBed":[],"SeatSubTypesHighSpeed":[]},"DepartureDate":"2019-02-11T00:00:00+08:00","DepartureTimeFrom":0,"DepartureTimeTo":23,"EnableAutoPreSubmit":true,"EnableAutoVC":false,"EnableSameCityStationLoop":true,"EnableTrainSuggest":true,"FromStationCode":"XAY","FromStationName":"西安","HideFromNotSame":false,"HideNoNeedTicket":true,"HideNoTicket":false,"HideToNotSame":false,"ID":"fd8151f4568747dbb324849c2acf2ef9","IgnoreIllegalData":false,"IsLoaded":true,"IsPersistent":false,"IsSameCityStationLoopAvailable":false,"LastQueryRequestTime":"2019-01-28T10:01:42+08:00","LastQueryTime":"2019-01-28T10:02:17.1957693+08:00","Name":"02-11 西安->北京","PassType":null,"QueryStudentTicket":false,"ResignDate":"0001-01-01T00:00:00","SelectedSeatClass":["*","0","2","1","P","M","O","F","3","6","4","9"],"SelectedTrainClass":["*","L","P","T","C","K","Z","G","D"],"SubmitStudentAsCommon":false,"ToStationCode":"BJP","ToStationName":"北京","TrainID":null,"UiSetting":{"EnableSellTip":true},"VerifyData":null,"IsLastInQuery":true,"EnableSmsNotification":true,"AlternativeDate":[]}